# iso_Zs, amu, abu_array, sproc, wsproc, rproc, nproc, gproc, w7, massive2, bbn, gcr, novae_priGCR_nu, h_burn
1.0000000,1.007825,0.0,0.0,0.0,0.0,0.0,0.0,0.0,0.7454468781782552,0.0,0.0,0.0
1.0000000,2.014102,0.0,0.0,0.0,0.0,0.0,0.0,0.0,2.144866545984265e-05,0.0,0.0,0.0
2.0000000,3.016029,0.0,0.0,0.0,0.0,0.0,0.0,0.0,7.062365779639386e-06,0.0,0.0,4.4101054699532405e-06
2.0000000,4.002603,0.0,0.0,0.0,0.0,0.0,0.0,0.0,0.06212432259706996,0.0,0.0,0.006964004014550038
3.0000000,6.015122,0.0,0.0,0.0,0.0,0.0,0.0,0.0,0.0,3.599105662307094e-11,8.397913212049886e-11,0.0
3.0000000,7.016004,0.0,0.0,0.0,0.0,0.0,0.0,0.0,2.725495880561072e-10,4.382617964483116e-10,7.500612703232864e-10,0.0
4.0000000,9.012182,0.0,0.0,0.0,0.0,0.0,0.0,0.0,0.0,4.424036939163651e-12,1.3272110817490954e-11,0.0
5.0000000,10.012937,0.0,0.0,0.0,0.0,0.0,0.0,0.0,0.0,2.4789321046972157e-11,7.436796314091646e-11,0.0
5.0000000,11.009305,0.0,0.0,0.0,0.0,0.0,0.0,0.0,0.0,1.0023878100730949e-10,3.007163430219285e-10,0.0
6.0000000,12.0,0.0,0.0,0.0,0.0,0.0,2.8107075451602758e-06,0.0002478905902481139,0.0,0.0,0.0,0.0
6.0000000,13.003355,0.0,0.0,0.0,0.0,0.0,5.733858792965115e-11,2.622889874867321e-06,0.0,0.0,0.0,0.0
7.0000000,14.003074,0.0,0.0,0.0,0.0,0.0,2.7628608808079874e-10,6.0630803164668454e-05,0.0,0.0,0.0,0.0
7.0000000,15.000109,0.0,0.0,0.0,0.0,0.0,4.634140071120645e-13,1.3717392350733792e-07,0.0,0.0,0.0,0.0
8.0000000,15.994915,0.0,0.0,0.0,0.0,0.0,4.352889277802504e-06,0.0004555917501531129,0.0,0.0,0.0,0.0
8.0000000,16.999132,0.0,0.0,0.0,0.0,0.0,1.0122912812106119e-11,1.6135814007619169e-07,0.0,0.0,0.0,0.0
8.0000000,17.99916,0.0,0.0,0.0,0.0,0.0,7.057003657579487e-11,8.682569849521904e-07,0.0,0.0,0.0,0.0
9.0000000,18.998403,0.0,0.0,0.0,0.0,0.0,1.5560246227167336e-13,3.5183818832854424e-08,0.0,0.0,0.0,0.0
10.000000,19.99244,0.0,0.0,0.0,0.0,0.0,9.276116827596145e-08,0.00011282016167800193,0.0,0.0,0.0,0.0
10.000000,20.993847,0.0,0.0,0.0,0.0,0.0,9.893687335130919e-10,2.700629307873732e-07,0.0,0.0,0.0,0.0
10.000000,21.991386,0.0,0.0,0.0,0.0,0.0,3.072127120748159e-06,4.992505211676954e-06,0.0,0.0,0.0,0.0
11.000000,22.98977,0.0,0.0,0.0,0.0,0.0,8.16208508748569e-09,1.5973118190599373e-06,0.0,0.0,0.0,0.0
12.000000,23.985042,0.0,0.0,0.0,0.0,0.0,3.665752355133282e-07,2.213008944531504e-05,0.0,0.0,0.0,0.0
12.000000,24.985837,0.0,0.0,0.0,0.0,0.0,1.4896384406016561e-08,2.8339255072764715e-06,0.0,0.0,0.0,0.0
12.000000,25.982593,0.0,0.0,0.0,0.0,0.0,1.120750363086333e-08,3.122980736934018e-06,0.0,0.0,0.0,0.0
13.000000,26.981538,0.0,0.0,0.0,0.0,0.0,1.671438842931497e-07,2.105596923383036e-06,0.0,0.0,0.0,0.0
14.000000,27.976927,0.0,0.0,0.0,0.0,0.0,6.434413648683669e-06,1.9183717910238584e-05,0.0,0.0,0.0,0.0
14.000000,28.976495,0.0,0.0,0.0,0.0,0.0,3.4525369073996887e-07,9.555619427034274e-07,0.0,0.0,0.0,0.0
14.000000,29.97377,0.0,0.0,0.0,0.0,0.0,3.671150635629709e-07,4.903884298780777e-07,0.0,0.0,0.0,0.0
15.000000,30.973762,0.0,0.0,0.0,0.0,0.0,3.974258696942509e-08,1.8967096168102105e-07,0.0,0.0,0.0,0.0
16.000000,31.972071,0.0,0.0,0.0,0.0,0.0,2.4960573098362097e-06,9.047314933440148e-06,0.0,0.0,0.0,0.0
16.000000,32.971458,0.0,0.0,0.0,0.0,0.0,2.0741771726853283e-08,7.01919343017218e-08,0.0,0.0,0.0,0.0
16.000000,33.967867,0.0,0.0,0.0,0.0,0.0,2.0017907707028854e-07,3.094536771856263e-07,0.0,0.0,0.0,0.0
16.000000,35.967081,0.0,0.0,0.0,0.0,0.0,8.614053401373772e-10,9.094390921287943e-10,0.0,0.0,0.0,0.0
17.000000,34.968853,0.0,0.0,0.0,0.0,0.0,9.107620400864924e-09,1.0222159499315326e-07,0.0,0.0,0.0,0.0
17.000000,36.965903,0.0,0.0,0.0,0.0,0.0,4.146352913354169e-09,3.1465177636677845e-08,0.0,0.0,0.0,0.0
18.000000,35.967546,0.0,0.0,0.0,0.0,0.0,4.925171175012872e-07,1.8037668921040137e-06,0.0,0.0,0.0,0.0
18.000000,37.962732,0.0,0.0,0.0,0.0,0.0,1.1738679861340756e-07,3.000814474091389e-07,0.0,0.0,0.0,0.0
18.000000,39.962383,0.0,0.0,0.0,0.0,0.0,2.5938874590053986e-10,3.923514518084356e-10,0.0,0.0,0.0,0.0
19.000000,38.963707,0.0,0.0,0.0,0.0,0.0,4.765731195808451e-09,8.864389612029881e-08,0.0,0.0,0.0,0.0
19.000000,39.963999,0.0,0.0,0.0,0.0,0.0,0.0,1.469851338894801e-10,0.0,0.0,0.0,0.0
19.000000,40.961826,0.0,0.0,0.0,0.0,0.0,4.0947427632141095e-10,6.331680340544716e-09,0.0,0.0,0.0,0.0
20.000000,39.962591,0.0,0.0,0.0,0.0,0.0,4.5799163971557063e-07,1.083143911099853e-06,0.0,0.0,0.0,0.0
20.000000,41.958618,0.0,0.0,0.0,0.0,0.0,1.984433605352762e-09,8.302164063229195e-09,0.0,0.0,0.0,0.0
20.000000,42.958767,0.0,0.0,0.0,0.0,0.0,3.675662286224083e-11,2.1095968149429736e-09,0.0,0.0,0.0,0.0
20.000000,43.955481,0.0,0.0,0.0,0.0,0.0,1.9208104133102127e-09,3.124432573493328e-08,0.0,0.0,0.0,0.0
20.000000,45.953693,0.0,0.0,0.0,0.0,0.0,6.09076950889026e-11,2.6879622625133103e-12,0.0,0.0,0.0,0.0
20.000000,47.952534,0.0,0.0,0.0,0.0,0.0,9.408902411825799e-10,2.032206784475439e-09,0.0,0.0,0.0,0.0
21.000000,44.95591,0.0,0.0,0.0,0.0,0.0,3.059498481965401e-11,9.067843293481628e-10,0.0,0.0,0.0,0.0
22.000000,45.952629,0.0,0.0,0.0,0.0,0.0,1.977106470326035e-09,3.6573597768599956e-09,0.0,0.0,0.0,0.0
22.000000,46.951764,0.0,0.0,0.0,0.0,0.0,2.539368588279103e-10,4.825893984386522e-09,0.0,0.0,0.0,0.0
22.000000,47.947947,0.0,0.0,0.0,0.0,0.0,1.3329999440690135e-08,3.702432796377017e-08,0.0,0.0,0.0,0.0
22.000000,48.947871,0.0,0.0,0.0,0.0,0.0,1.3040168781834489e-09,2.3905918463761952e-09,0.0,0.0,0.0,0.0
22.000000,49.944792,0.0,0.0,0.0,0.0,0.0,3.5413128471341498e-09,2.9305371355025863e-13,0.0,0.0,0.0,0.0
23.000000,49.947163,0.0,0.0,0.0,0.0,0.0,3.3948096960093624e-12,1.5694313492081337e-11,0.0,0.0,0.0,0.0
23.000000,50.943964,0.0,0.0,0.0,0.0,0.0,3.2294154820774462e-09,4.396318471089333e-09,0.0,0.0,0.0,0.0
24.000000,49.94605,0.0,0.0,0.0,0.0,0.0,1.2124334186436027e-08,3.7228995254529007e-09,0.0,0.0,0.0,0.0
24.000000,51.940512,0.0,0.0,0.0,0.0,0.0,1.7243862638240628e-07,1.3314726805575598e-07,0.0,0.0,0.0,0.0
24.000000,52.940654,0.0,0.0,0.0,0.0,0.0,2.5272232932229732e-08,9.37708886887099e-09,0.0,0.0,0.0,0.0
24.000000,53.938885,0.0,0.0,0.0,0.0,0.0,8.547610817240057e-09,7.66078030933622e-11,0.0,0.0,0.0,0.0
25.000000,54.93805,0.0,0.0,0.0,0.0,0.0,2.1949872554036102e-07,3.310182450130769e-08,0.0,0.0,0.0,0.0
26.000000,53.939615,0.0,0.0,0.0,0.0,0.0,1.369027288099123e-06,4.7471276552868e-08,0.0,0.0,0.0,0.0
26.000000,55.934942,0.0,0.0,0.0,0.0,0.0,1.5420664774133115e-05,6.8153334582145634e-06,0.0,0.0,0.0,0.0
26.000000,56.935399,0.0,7.172296811453699e-11,0.0,0.0,0.0,0.0,5.134786810747675e-07,0.0,0.0,0.0,0.0
26.000000,57.93328,0.0,1.225767722128518e-09,0.0,0.0,0.0,0.0,6.709090439410484e-08,0.0,0.0,0.0,0.0
27.000000,58.9332,0.0,5.637678181745734e-10,0.0,0.0,0.0,0.0,6.23121471061657e-08,0.0,0.0,0.0,0.0
28.000000,57.935348,0.0,0.0,0.0,0.0,0.0,0.0,9.20253818343266e-07,0.0,0.0,0.0,0.0
28.000000,59.930791,0.0,1.3473620045092438e-09,0.0,0.0,0.0,0.0,3.5313276129439567e-07,0.0,0.0,0.0,0.0
28.000000,60.93106,0.0,5.755671662283155e-10,0.0,0.0,0.0,0.0,1.4833438541434377e-08,0.0,0.0,0.0,0.0
28.000000,61.928349,0.0,3.6026592554285562e-09,0.0,0.0,0.0,0.0,4.552799376291495e-08,0.0,0.0,0.0,0.0
28.000000,63.92797,0.0,3.5188659564848845e-09,0.0,0.0,0.0,0.0,8.993262920168965e-09,0.0,0.0,0.0,0.0
29.000000,62.929601,7.197359742138766e-11,1.6532754830946287e-09,0.0,0.0,0.0,0.0,8.55669340825365e-09,0.0,0.0,0.0,0.0
29.000000,64.927794,8.705687015324381e-11,3.330954158108571e-09,0.0,0.0,0.0,0.0,1.1639295061194387e-09,0.0,0.0,0.0,0.0
30.000000,63.929147,1.7213070783288567e-11,1.1485818585692265e-09,0.0,0.0,0.0,0.0,1.604727585393605e-08,0.0,0.0,0.0,0.0
30.000000,65.926037,8.736880551111783e-11,2.618674628502806e-09,0.0,0.0,0.0,0.0,7.001601622776946e-09,0.0,0.0,0.0,0.0
30.000000,66.927131,1.9800436884351018e-11,5.76827727488665e-10,0.0,0.0,0.0,0.0,8.17688755937771e-10,0.0,0.0,0.0,0.0
30.000000,67.924848,1.2916384638329557e-10,3.350760688462747e-09,0.0,0.0,0.0,0.0,2.9782677843187355e-09,0.0,0.0,0.0,0.0
30.000000,69.925325,2.1375260209583867e-13,0.0,2.1353884949374284e-10,0.0,0.0,0.0,0.0,0.0,0.0,0.0,0.0
31.000000,68.925581,1.9322183207530104e-11,4.4749579132414966e-10,1.37000250703636e-10,0.0,0.0,0.0,0.0,0.0,0.0,0.0,0.0
31.000000,70.924705,2.123916619827917e-11,3.794998186749127e-10,2.261821987449685e-26,0.0,0.0,0.0,0.0,0.0,0.0,0.0,0.0
32.000000,69.92425,3.703438311036467e-11,6.487875263408328e-10,7.108583389127582e-26,0.0,0.0,0.0,0.0,0.0,0.0,0.0,0.0
32.000000,71.922076,6.419247852503264e-11,6.236439503420727e-10,2.2919897863336078e-10,0.0,0.0,0.0,0.0,0.0,0.0,0.0,0.0
32.000000,72.923459,1.737174997229707e-11,1.7837083408887087e-10,6.353726627162415e-11,0.0,0.0,0.0,0.0,0.0,0.0,0.0,0.0
32.000000,73.921178,9.884586526848395e-11,8.215214219621307e-10,2.9995203707165637e-10,0.0,0.0,0.0,0.0,0.0,0.0,0.0,0.0
32.000000,75.921403,2.587786644828363e-13,0.0,2.5851988581835347e-10,0.0,0.0,0.0,0.0,0.0,0.0,0.0,0.0
33.000000,74.921596,9.280664701526581e-12,7.548309167521032e-11,8.39756018328373e-11,0.0,0.0,0.0,0.0,0.0,0.0,0.0,0.0
34.000000,73.922477,0.0,8.098670770982958e-12,0.0,8.098670770982958e-12,0.0,0.0,0.0,0.0,0.0,0.0,0.0
34.000000,75.919214,2.509180317476813e-11,1.4795511527190862e-10,1.2924697071141057e-26,0.0,0.0,0.0,0.0,0.0,0.0,0.0,0.0
34.000000,76.919915,9.691978684777798e-12,5.567314143357995e-11,7.71639781871981e-11,0.0,0.0,0.0,0.0,0.0,0.0,0.0,0.0
34.000000,77.91731,6.801391359415274e-11,2.9232039548663494e-10,8.420107388753087e-11,0.0,0.0,0.0,0.0,0.0,0.0,0.0,0.0
34.000000,79.916522,8.32081088170509e-11,8.541037970295694e-12,8.431734241907535e-10,0.0,0.0,0.0,0.0,0.0,0.0,0.0,0.0
34.000000,81.9167,1.6563330256596395e-13,0.0,1.6546766926339798e-10,0.0,0.0,0.0,0.0,0.0,0.0,0.0,0.0
35.000000,78.918338,1.2857864943514957e-11,3.09188890802851e-11,1.29978177645321e-10,0.0,0.0,0.0,0.0,0.0,0.0,0.0,0.0
35.000000,80.916291,1.5721801291860618e-11,6.740790769794092e-11,8.592191780439865e-11,0.0,0.0,0.0,0.0,0.0,0.0,0.0,0.0
36.000000,77.920386,0.0,2.601696818209801e-12,0.0,2.601696818209801e-12,0.0,0.0,0.0,0.0,0.0,0.0,0.0
36.000000,79.916378,3.2724654437053974e-12,2.5111163404759782e-11,1.6155871338926322e-27,5.008875679140914e-12,0.0,0.0,0.0,0.0,0.0,0.0,0.0
36.000000,81.913485,4.777867433705994e-11,1.1370325634917056e-10,-3.2311742677852644e-27,4.994286516068985e-12,0.0,0.0,0.0,0.0,0.0,0.0,0.0
36.000000,82.914136,1.7639507319682165e-11,4.22582011090426e-11,1.0495750016643565e-10,0.0,0.0,0.0,0.0,0.0,0.0,0.0,0.0
36.000000,83.911507,1.1184866550462297e-10,1.3899757861289944e-10,5.596513320029337e-10,0.0,0.0,0.0,0.0,0.0,0.0,0.0,0.0
36.000000,85.91061,4.613903918024116e-11,0.0,1.9798286124431525e-10,0.0,0.0,0.0,0.0,0.0,0.0,0.0,0.0
37.000000,84.911789,2.4692597527925156e-11,4.455183920662836e-11,7.185612056787596e-11,0.0,0.0,0.0,0.0,0.0,0.0,0.0,0.0
37.000000,86.909183,1.6259858777882573e-11,0.0,4.18110654288409e-11,0.0,0.0,0.0,0.0,0.0,0.0,0.0,0.0
38.000000,83.913425,0.0,1.8051036307828576e-12,0.0,1.8051036307828576e-12,0.0,0.0,0.0,0.0,0.0,0.0,0.0
38.000000,85.909262,3.573534508301651e-11,2.8077771136655828e-11,0.0,0.0,0.0,0.0,0.0,0.0,0.0,0.0,0.0
38.000000,86.908879,2.466147531494225e-11,1.9934320914609737e-11,0.0,0.0,0.0,0.0,0.0,0.0,0.0,0.0,0.0
38.000000,87.905614,5.344619334311504e-10,0.0,0.0,0.0,0.0,0.0,0.0,0.0,0.0,0.0,0.0
39.000000,88.905848,1.186518622847004e-10,2.2980483011307928e-12,0.0,0.0,0.0,0.0,0.0,0.0,0.0,0.0,0.0
40.000000,89.904704,1.1944168701020873e-10,2.329728841085025e-12,3.436150834505753e-11,0.0,0.0,0.0,0.0,0.0,0.0,0.0,0.0
40.000000,90.905645,3.2421876403597325e-11,4.3366044255277334e-13,1.2010560147714637e-12,0.0,0.0,0.0,0.0,0.0,0.0,0.0,0.0
40.000000,91.90504,4.7087283144383786e-11,3.5453251715702144e-13,4.588331459325258e-12,0.0,0.0,0.0,0.0,0.0,0.0,0.0,0.0
40.000000,93.906316,5.274022753910397e-11,0.0,0.0,0.0,0.0,0.0,0.0,0.0,0.0,0.0,0.0
40.000000,95.908276,3.932566800100514e-12,0.0,4.5610979949329926e-12,0.0,0.0,0.0,0.0,0.0,0.0,0.0,0.0
41.000000,92.906378,1.9799517206530712e-11,7.299876200378877e-14,1.789975504693846e-12,0.0,0.0,0.0,0.0,0.0,0.0,0.0,0.0
42.000000,91.90681,0.0,0.0,0.0,1.056104634121465e-11,0.0,0.0,0.0,0.0,0.0,0.0,0.0
42.000000,93.905088,5.298718033825243e-14,0.0,0.0,6.570410361943301e-12,0.0,0.0,0.0,0.0,0.0,0.0,0.0
42.000000,94.905841,7.564039069682964e-12,4.1115617160205337e-14,3.8381721961870314e-12,0.0,0.0,0.0,0.0,0.0,0.0,0.0,0.0
42.000000,95.904679,1.2020070524951967e-11,0.0,0.0,0.0,0.0,0.0,0.0,0.0,0.0,0.0,0.0
42.000000,96.906021,4.220993574583632e-12,3.832111087722847e-14,2.6490217704861644e-12,0.0,0.0,0.0,0.0,0.0,0.0,0.0,0.0
42.000000,97.905408,1.3901582286029032e-11,1.5088473644423841e-13,3.455823010308885e-12,0.0,0.0,0.0,0.0,0.0,0.0,0.0,0.0
42.000000,99.907477,3.020775012443999e-13,0.0,6.7229806672300175e-12,0.0,0.0,0.0,0.0,0.0,0.0,0.0,0.0
44.000000,95.907598,0.0,0.0,0.0,2.7809612124563062e-12,0.0,0.0,0.0,0.0,0.0,0.0,0.0
44.000000,97.905287,0.0,0.0,0.0,9.377590342583e-13,0.0,0.0,0.0,0.0,0.0,0.0,0.0
44.000000,98.905939,1.946171943292291e-12,2.335932054450694e-14,4.432350128572053e-12,0.0,0.0,0.0,0.0,0.0,0.0,0.0,0.0
44.000000,99.90422,6.321894831748719e-12,0.0,0.0,0.0,0.0,0.0,0.0,0.0,0.0,0.0,0.0
44.000000,100.905582,1.3953882458733564e-12,1.9750308966829723e-14,7.1455255302724294e-12,0.0,0.0,0.0,0.0,0.0,0.0,0.0,0.0
44.000000,101.90435,7.2355265689308006e-12,0.0,8.59713550750421e-12,0.0,0.0,0.0,0.0,0.0,0.0,0.0,0.0
44.000000,103.90543,2.0556734201138137e-13,0.0,9.138402749415045e-12,0.0,0.0,0.0,0.0,0.0,0.0,0.0,0.0
45.000000,102.905504,1.474303356463483e-12,0.0,7.916163882157429e-12,0.0,0.0,0.0,0.0,0.0,0.0,0.0,0.0
46.000000,101.905608,0.0,0.0,0.0,9.767267940930787e-14,2.930180382279236e-13,0.0,0.0,0.0,0.0,0.0,0.0
46.000000,103.904035,4.2669546591870475e-12,0.0,0.0,0.0,0.0,0.0,0.0,0.0,0.0,0.0,0.0
46.000000,104.905084,1.2487468772995877e-12,0.0,7.304313926122246e-12,0.0,0.0,0.0,0.0,0.0,0.0,0.0,0.0
46.000000,105.903483,5.7051748415261885e-12,0.0,4.7630358768704875e-12,0.0,0.0,0.0,0.0,0.0,0.0,0.0,0.0
46.000000,107.903894,7.043807272585755e-12,0.0,3.0911672203433892e-12,0.0,0.0,0.0,0.0,0.0,0.0,0.0,0.0
46.000000,109.905152,1.2569515816704006e-13,0.0,4.363417633512962e-12,0.0,0.0,0.0,0.0,0.0,0.0,0.0,0.0
47.000000,106.905093,1.1381257203911785e-12,0.0,6.019897678295478e-12,0.0,0.0,0.0,0.0,0.0,0.0,0.0,0.0
47.000000,108.904756,1.8021783880056961e-12,0.0,4.84792636478285e-12,0.0,0.0,0.0,0.0,0.0,0.0,0.0,0.0
48.000000,105.906458,0.0,0.0,0.0,0.0,5.48142097144482e-13,0.0,0.0,0.0,0.0,0.0,0.0
48.000000,107.904183,1.5623585383886815e-15,0.0,0.0,0.0,3.8902727605878164e-13,0.0,0.0,0.0,0.0,0.0,0.0
48.000000,109.903006,5.4792264091391464e-12,0.0,0.0,0.0,0.0,0.0,0.0,0.0,0.0,0.0,0.0
48.000000,110.904182,1.989205364940228e-12,0.0,3.6300188298061795e-12,0.0,0.0,0.0,0.0,0.0,0.0,0.0,0.0
48.000000,111.902757,7.408871051810601e-12,0.0,3.1752304507759716e-12,0.0,0.0,0.0,0.0,0.0,0.0,0.0,0.0
48.000000,112.904401,2.156778952384104e-12,0.0,3.208342819715657e-12,0.0,0.0,0.0,0.0,0.0,0.0,0.0,0.0
48.000000,113.903358,1.0553018091507588e-11,0.0,2.0551277764823625e-12,0.0,0.0,0.0,0.0,0.0,0.0,0.0,0.0
48.000000,115.904755,5.201241186557382e-13,0.0,2.771800682962858e-12,0.0,0.0,0.0,0.0,0.0,0.0,0.0,0.0
49.000000,112.904061,0.0,0.0,0.0,0.0,2.1292710018581794e-13,0.0,0.0,0.0,0.0,0.0,0.0
49.000000,114.903878,1.9471848831917697e-12,0.0,2.8136583519959317e-12,0.0,0.0,0.0,0.0,0.0,0.0,0.0,0.0
50.000000,111.904821,0.0,0.0,0.0,0.0,9.687069525756446e-13,0.0,0.0,0.0,0.0,0.0,0.0
50.000000,113.902782,0.0,0.0,0.0,0.0,6.574437273418694e-13,0.0,0.0,0.0,0.0,0.0,0.0
50.000000,114.903346,8.45498569224407e-15,0.0,0.0,0.0,3.2974444199751877e-13,0.0,0.0,0.0,0.0,0.0,0.0
50.000000,115.901744,1.4501672231465387e-11,0.0,0.0,0.0,0.0,0.0,0.0,0.0,0.0,0.0,0.0
50.000000,116.902954,3.936146552161328e-12,0.0,3.721726117413241e-12,0.0,0.0,0.0,0.0,0.0,0.0,0.0,0.0
50.000000,117.901606,1.756853358068668e-11,0.0,6.5972622662000865e-12,0.0,0.0,0.0,0.0,0.0,0.0,0.0,0.0
50.000000,118.903309,5.036058939163804e-12,0.0,3.5286671478494687e-12,0.0,0.0,0.0,0.0,0.0,0.0,0.0,0.0
50.000000,119.902197,2.4777215795603702e-11,0.0,7.738815432222677e-12,0.0,0.0,0.0,0.0,0.0,0.0,0.0,0.0
50.000000,121.90344,1.939588728826095e-12,0.0,2.678479673140798e-12,0.0,0.0,0.0,0.0,0.0,0.0,0.0,0.0
50.000000,123.905275,0.0,0.0,5.775329102116725e-12,0.0,0.0,0.0,0.0,0.0,0.0,0.0,0.0
51.000000,120.903818,2.274859515337416e-12,0.0,3.42654277874132e-12,0.0,0.0,0.0,0.0,0.0,0.0,0.0,0.0
51.000000,122.904216,2.686206236265738e-13,0.0,3.995198799017455e-12,0.0,0.0,0.0,0.0,0.0,0.0,0.0,0.0
52.000000,119.90402,0.0,0.0,0.0,0.0,1.2573949261318844e-13,0.0,0.0,0.0,0.0,0.0,0.0
52.000000,121.903047,3.409373147509332e-12,0.0,0.0,0.0,0.0,0.0,0.0,0.0,0.0,0.0,0.0
52.000000,122.904273,1.1892857562878957e-12,0.0,0.0,0.0,0.0,0.0,0.0,0.0,0.0,0.0,0.0
52.000000,123.902819,6.3079298157615445e-12,0.0,0.0,0.0,0.0,0.0,0.0,0.0,0.0,0.0,0.0
52.000000,124.904425,1.9449171951552518e-12,0.0,7.40564624309115e-12,0.0,0.0,0.0,0.0,0.0,0.0,0.0,0.0
52.000000,125.903306,1.0425688310875992e-11,0.0,1.439737909597161e-11,0.0,0.0,0.0,0.0,0.0,0.0,0.0,0.0
52.000000,127.904461,1.494114937247132e-12,0.0,4.0009077764062095e-11,0.0,0.0,0.0,0.0,0.0,0.0,0.0,0.0
52.000000,129.906223,0.0,0.0,4.426946051631083e-11,0.0,0.0,0.0,0.0,0.0,0.0,0.0,0.0
53.000000,126.904468,2.4246589888279425e-12,0.0,4.166004989895283e-11,0.0,0.0,0.0,0.0,0.0,0.0,0.0,0.0
54.000000,123.905896,0.0,0.0,0.0,0.0,1.9756505806421512e-13,0.0,0.0,0.0,0.0,0.0,0.0
54.000000,125.904269,0.0,0.0,0.0,0.0,1.6738712960531305e-13,0.0,0.0,0.0,0.0,0.0,0.0
54.000000,127.90353,3.38797931992834e-12,0.0,0.0,0.0,0.0,0.0,0.0,0.0,0.0,0.0,0.0
54.000000,128.904779,1.3397406172042475e-12,0.0,4.0527153670428483e-11,0.0,0.0,0.0,0.0,0.0,0.0,0.0,0.0
54.000000,129.903508,6.639151875536449e-12,0.0,0.0,0.0,0.0,0.0,0.0,0.0,0.0,0.0,0.0
54.000000,130.905082,2.4582721479363667e-12,0.0,3.0761621743095614e-11,0.0,0.0,0.0,0.0,0.0,0.0,0.0,0.0
54.000000,131.904154,1.2071185207473594e-11,0.0,2.816609881743839e-11,0.0,0.0,0.0,0.0,0.0,0.0,0.0,0.0
54.000000,133.905395,5.940632539696881e-13,0.0,1.4257518095272514e-11,0.0,0.0,0.0,0.0,0.0,0.0,0.0,0.0
54.000000,135.90722,0.0,0.0,1.2075208340984387e-11,0.0,0.0,0.0,0.0,0.0,0.0,0.0,0.0
55.000000,132.905447,1.5232081664237457e-12,0.0,8.699665433735621e-12,0.0,0.0,0.0,0.0,0.0,0.0,0.0,0.0
56.000000,129.90631,0.0,0.0,0.0,0.0,1.3378336188902527e-13,0.0,0.0,0.0,0.0,0.0,0.0
56.000000,131.905056,0.0,0.0,0.0,0.0,1.279666877942677e-13,0.0,0.0,0.0,0.0,0.0,0.0
56.000000,133.904503,3.0562794894137127e-12,0.0,0.0,0.0,0.0,0.0,0.0,0.0,0.0,0.0,0.0
56.000000,134.905683,2.3922992968842088e-12,0.0,5.943238322921398e-12,0.0,0.0,0.0,0.0,0.0,0.0,0.0,0.0
56.000000,135.90457,9.930063272353607e-12,0.0,0.0,0.0,0.0,0.0,0.0,0.0,0.0,0.0,0.0
56.000000,136.905821,9.103985216379549e-12,0.0,5.098799832574506e-12,0.0,0.0,0.0,0.0,0.0,0.0,0.0,0.0
56.000000,137.905241,8.114327884395158e-11,0.0,9.519602545938454e-12,0.0,0.0,0.0,0.0,0.0,0.0,0.0,0.0
57.000000,137.907107,0.0,0.0,0.0,0.0,1.1690605163619378e-14,0.0,0.0,0.0,0.0,0.0,0.0
57.000000,138.906348,8.874994384350766e-12,0.0,3.876434328796886e-12,0.0,0.0,0.0,0.0,0.0,0.0,0.0,0.0
58.000000,135.907144,0.0,0.0,0.0,0.0,6.018453292489606e-14,0.0,0.0,0.0,0.0,0.0,0.0
58.000000,137.905986,0.0,0.0,0.0,0.0,8.085950131204021e-14,0.0,0.0,0.0,0.0,0.0,0.0
58.000000,139.905434,2.5385665795972032e-11,0.0,3.234025067581556e-12,0.0,0.0,0.0,0.0,0.0,0.0,0.0,0.0
58.000000,141.90924,6.904681189532946e-13,0.0,2.9057200005951147e-12,0.0,0.0,0.0,0.0,0.0,0.0,0.0,0.0
59.000000,140.907648,2.4727220734462664e-12,0.0,2.394841063258982e-12,0.0,0.0,0.0,0.0,0.0,0.0,0.0,0.0
60.000000,141.907719,6.488806589342762e-12,0.0,0.0,0.0,0.0,0.0,0.0,0.0,0.0,0.0,0.0
60.000000,142.90981,9.287237409369805e-13,0.0,1.9555114793642013e-12,0.0,0.0,0.0,0.0,0.0,0.0,0.0,0.0
60.000000,143.910083,2.9206295240017424e-12,0.0,2.7726054155728043e-12,0.0,0.0,0.0,0.0,0.0,0.0,0.0,0.0
60.000000,145.913112,5.721106534586224e-13,0.0,1.515884432156788e-12,0.0,0.0,0.0,0.0,0.0,0.0,0.0,0.0
60.000000,147.916889,2.623112916839275e-12,0.0,1.4311574337623863e-12,0.0,0.0,0.0,0.0,0.0,0.0,0.0,0.0
60.000000,149.920887,2.5436679973565236e-13,0.0,1.0986480924752643e-12,0.0,0.0,0.0,0.0,0.0,0.0,0.0,0.0
60.000000,144.912744,0.0,0.0,1.3890790203685812e-12,0.0,0.0,0.0,0.0,0.0,0.0,0.0,0.0
62.000000,143.911995,0.0,0.0,0.0,0.0,2.320174577583231e-13,0.0,0.0,0.0,0.0,0.0,0.0
62.000000,146.914893,2.9947661362292693e-13,0.0,8.658020386063607e-13,0.0,0.0,0.0,0.0,0.0,0.0,0.0,0.0
62.000000,147.914818,8.47866619225445e-13,0.0,0.0,0.0,0.0,0.0,0.0,0.0,0.0,0.0,0.0
62.000000,148.91718,1.3025541030387412e-13,0.0,9.117878721271188e-13,0.0,0.0,0.0,0.0,0.0,0.0,0.0,0.0
62.000000,149.917271,5.551684579897221e-13,0.0,0.0,0.0,0.0,0.0,0.0,0.0,0.0,0.0,0.0
62.000000,151.919728,4.575507716329917e-13,0.0,1.5580913941511126e-12,0.0,0.0,0.0,0.0,0.0,0.0,0.0,0.0
62.000000,153.922205,4.62838175947607e-14,0.0,1.6679316488778579e-12,0.0,0.0,0.0,0.0,0.0,0.0,0.0,0.0
63.000000,150.919846,7.716175975394973e-14,0.0,1.2532134084175975e-12,0.0,0.0,0.0,0.0,0.0,0.0,0.0,0.0
63.000000,152.921226,8.277849744150456e-14,0.0,1.3694758436375228e-12,0.0,0.0,0.0,0.0,0.0,0.0,0.0,0.0
64.000000,151.919788,2.5167777424507994e-15,0.0,0.0,0.0,1.0081210564999004e-15,0.0,0.0,0.0,0.0,0.0,0.0
64.000000,153.920862,2.0959309163429973e-13,0.0,0.0,0.0,0.0,0.0,0.0,0.0,0.0,0.0,0.0
64.000000,154.922619,8.391683061863839e-14,0.0,1.338402332409131e-12,0.0,0.0,0.0,0.0,0.0,0.0,0.0,0.0
64.000000,155.92212,3.4420781106082055e-13,0.0,1.6226939664295826e-12,0.0,0.0,0.0,0.0,0.0,0.0,0.0,0.0
64.000000,156.923957,1.6696616829287003e-13,0.0,1.3372335460573102e-12,0.0,0.0,0.0,0.0,0.0,0.0,0.0,0.0
64.000000,157.924101,6.730529656831193e-13,0.0,1.7136596785832612e-12,0.0,0.0,0.0,0.0,0.0,0.0,0.0,0.0
64.000000,159.927051,1.260701148108156e-14,0.0,2.088561568699178e-12,0.0,0.0,0.0,0.0,0.0,0.0,0.0,0.0
65.000000,158.925343,1.4766702652109098e-13,0.0,1.5895921090211555e-12,0.0,0.0,0.0,0.0,0.0,0.0,0.0,0.0
66.000000,155.924278,0.0,0.0,0.0,0.0,1.3344390803276512e-15,0.0,0.0,0.0,0.0,0.0,0.0
66.000000,157.924405,0.0,0.0,0.0,0.0,1.070121535742085e-14,0.0,0.0,0.0,0.0,0.0,0.0
66.000000,159.925194,2.6343541378296154e-13,0.0,0.0,0.0,0.0,0.0,0.0,0.0,0.0,0.0,0.0
66.000000,160.92693,1.0897182124878351e-13,0.0,2.0277305561783443e-12,0.0,0.0,0.0,0.0,0.0,0.0,0.0,0.0
66.000000,161.926795,4.496252019390315e-13,0.0,2.4325876310034782e-12,0.0,0.0,0.0,0.0,0.0,0.0,0.0,0.0
66.000000,162.928728,1.1827974037872058e-13,0.0,2.6979045543527216e-12,0.0,0.0,0.0,0.0,0.0,0.0,0.0,0.0
66.000000,163.929171,7.224643382646543e-13,0.0,2.4742805213134617e-12,0.0,0.0,0.0,0.0,0.0,0.0,0.0,0.0
67.000000,164.930319,1.9806145654532034e-13,0.0,2.2777067502711837e-12,0.0,0.0,0.0,0.0,0.0,0.0,0.0,0.0
68.000000,161.928775,0.0,0.0,0.0,0.0,9.902460807189272e-15,0.0,0.0,0.0,0.0,0.0,0.0
68.000000,163.929197,8.440173914808096e-14,0.0,0.0,0.0,2.965466510608251e-14,0.0,0.0,0.0,0.0,0.0,0.0
68.000000,165.93029,3.7949770037823347e-13,0.0,2.007280289421977e-12,0.0,0.0,0.0,0.0,0.0,0.0,0.0,0.0
68.000000,166.932045,1.4825757557992026e-13,0.0,1.4809465516719506e-12,0.0,0.0,0.0,0.0,0.0,0.0,0.0,0.0
68.000000,167.932368,5.55438420919819e-13,0.0,1.3664938313978938e-12,0.0,0.0,0.0,0.0,0.0,0.0,0.0,0.0
68.000000,169.93546,1.3065050257637856e-13,0.0,9.315487053616586e-13,0.0,0.0,0.0,0.0,0.0,0.0,0.0,0.0
69.000000,168.934211,1.3977835274877804e-13,0.0,9.784484692414463e-13,0.0,0.0,0.0,0.0,0.0,0.0,0.0,0.0
70.000000,167.933894,0.0,0.0,0.0,0.0,8.638105921917704e-15,0.0,0.0,0.0,0.0,0.0,0.0
70.000000,169.934759,2.0908143971290946e-13,0.0,0.0,0.0,0.0,0.0,0.0,0.0,0.0,0.0,0.0
70.000000,170.936322,2.004894697781471e-13,0.0,7.871433862718385e-13,0.0,0.0,0.0,0.0,0.0,0.0,0.0,0.0
70.000000,171.936378,6.522958119177003e-13,0.0,8.682072461655172e-13,0.0,0.0,0.0,0.0,0.0,0.0,0.0,0.0
70.000000,172.938207,2.991992579421625e-13,0.0,8.298545456131675e-13,0.0,0.0,0.0,0.0,0.0,0.0,0.0,0.0
70.000000,173.938858,1.351740965424108e-12,0.0,8.936759206624502e-13,0.0,0.0,0.0,0.0,0.0,0.0,0.0,0.0
70.000000,175.942568,7.56244485846522e-14,0.0,8.355134861701936e-13,0.0,0.0,0.0,0.0,0.0,0.0,0.0,0.0
71.000000,174.940768,1.8184040330087614e-13,0.0,8.455065080035089e-13,0.0,0.0,0.0,0.0,0.0,0.0,0.0,0.0
71.000000,175.942682,2.9817366687770286e-14,0.0,0.0,0.0,0.0,0.0,0.0,0.0,0.0,0.0,0.0
72.000000,173.94004,0.0,0.0,0.0,0.0,6.948702589127494e-15,0.0,0.0,0.0,0.0,0.0,0.0
72.000000,175.941402,2.244753165942613e-13,0.0,0.0,0.0,0.0,0.0,0.0,0.0,0.0,0.0,0.0
72.000000,176.94322,1.331845331061006e-13,0.0,6.691319313884814e-13,0.0,0.0,0.0,0.0,0.0,0.0,0.0,0.0
72.000000,177.943698,6.662950031377097e-13,0.0,5.109046490490567e-13,0.0,0.0,0.0,0.0,0.0,0.0,0.0,0.0
72.000000,178.945815,2.327216147576933e-13,0.0,3.54959230590017e-13,0.0,0.0,0.0,0.0,0.0,0.0,0.0,0.0
72.000000,179.946549,1.297449182036101e-12,0.0,2.1649385417871937e-13,0.0,0.0,0.0,0.0,0.0,0.0,0.0,0.0
73.000000,179.947466,0.0,0.0,0.0,0.0,7.185383445861527e-17,0.0,0.0,0.0,0.0,0.0,0.0
73.000000,180.947996,2.697934017566229e-13,0.0,3.2841813207180925e-13,0.0,0.0,0.0,0.0,0.0,0.0,0.0,0.0
74.000000,179.946706,0.0,0.0,0.0,0.0,4.781986458130598e-15,0.0,0.0,0.0,0.0,0.0,0.0
74.000000,181.948206,6.3569277371356e-13,0.0,4.220323073406164e-13,0.0,0.0,0.0,0.0,0.0,0.0,0.0,0.0
74.000000,182.950224,3.25668118121748e-13,0.0,2.456794575304415e-13,0.0,0.0,0.0,0.0,0.0,0.0,0.0,0.0
74.000000,183.950933,9.344688167916288e-13,0.0,2.8865790675762344e-13,0.0,0.0,0.0,0.0,0.0,0.0,0.0,0.0
74.000000,185.954362,6.512948402564372e-13,0.0,4.833651601903176e-13,0.0,0.0,0.0,0.0,0.0,0.0,0.0,0.0
75.000000,184.952956,1.521273698975334e-13,0.0,3.8925117066308357e-13,0.0,0.0,0.0,0.0,0.0,0.0,0.0,0.0
75.000000,186.955751,9.962568474978916e-14,0.0,8.770967147579478e-13,0.0,0.0,0.0,0.0,0.0,0.0,0.0,0.0
76.000000,183.952491,0.0,0.0,0.0,0.0,3.590895792873302e-15,0.0,0.0,0.0,0.0,0.0,0.0
76.000000,185.953838,2.8920867902460343e-13,0.0,0.0,0.0,0.0,0.0,0.0,0.0,0.0,0.0,0.0
76.000000,186.955748,9.540297807155295e-14,0.0,0.0,0.0,1.3957972653818336e-13,0.0,0.0,0.0,0.0,0.0,0.0
76.000000,187.955836,6.877143036900871e-13,0.0,1.7253183408365344e-12,0.0,0.0,0.0,0.0,0.0,0.0,0.0,0.0
76.000000,188.958145,1.2655698746868482e-13,0.0,2.8166287676170087e-12,0.0,0.0,0.0,0.0,0.0,0.0,0.0,0.0
76.000000,189.958445,6.701483258641108e-13,0.0,4.116625430308109e-12,0.0,0.0,0.0,0.0,0.0,0.0,0.0,0.0
76.000000,191.961479,2.5291376067682257e-13,0.0,7.185726259229724e-12,0.0,0.0,0.0,0.0,0.0,0.0,0.0,0.0
77.000000,190.960591,1.2447223668436357e-13,0.0,6.426698115124246e-12,0.0,0.0,0.0,0.0,0.0,0.0,0.0,0.0
77.000000,192.962924,1.4333128245030093e-13,0.0,1.0882151982957463e-11,0.0,0.0,0.0,0.0,0.0,0.0,0.0,0.0
78.000000,189.95993,0.0,0.0,0.0,0.0,4.470758756211565e-15,0.0,0.0,0.0,0.0,0.0,0.0
78.000000,191.961035,2.1657291347344738e-13,0.0,0.0,0.0,5.687773485161243e-14,0.0,0.0,0.0,0.0,0.0,0.0
78.000000,193.962664,6.78144991091135e-13,0.0,1.0624271527094448e-11,0.0,0.0,0.0,0.0,0.0,0.0,0.0,0.0
78.000000,194.964774,2.6771525527280913e-13,0.0,1.1372078452240632e-11,0.0,0.0,0.0,0.0,0.0,0.0,0.0,0.0
78.000000,195.964935,1.054222283535634e-12,0.0,7.658358572130763e-12,0.0,0.0,0.0,0.0,0.0,0.0,0.0,0.0
78.000000,197.967876,0.0,0.0,2.517726299262361e-12,0.0,0.0,0.0,0.0,0.0,0.0,0.0,0.0
79.000000,196.966552,3.1992709967655443e-13,0.0,5.1025661151803e-12,0.0,0.0,0.0,0.0,0.0,0.0,0.0,0.0
80.000000,195.965815,0.0,0.0,0.0,0.0,1.6169028092465413e-14,0.0,0.0,0.0,0.0,0.0,0.0
80.000000,197.966752,1.047127117612512e-12,0.0,0.0,0.0,0.0,0.0,0.0,0.0,0.0,0.0,0.0
80.000000,198.968262,4.912008876661259e-13,0.0,1.2757087801976362e-12,0.0,0.0,0.0,0.0,0.0,0.0,0.0,0.0
80.000000,199.968309,1.6292277738140937e-12,0.0,7.844430022067856e-13,0.0,0.0,0.0,0.0,0.0,0.0,0.0,0.0
80.000000,200.970285,6.965398209581009e-13,0.0,6.773059797482125e-13,0.0,0.0,0.0,0.0,0.0,0.0,0.0,0.0
80.000000,201.970626,2.6093538787518326e-12,0.0,4.933261197640207e-13,0.0,0.0,0.0,0.0,0.0,0.0,0.0,0.0
80.000000,203.973476,7.254531748440467e-14,0.0,6.386832853038765e-13,0.0,0.0,0.0,0.0,0.0,0.0,0.0,0.0
81.000000,202.972329,1.160804398708768e-12,0.0,3.0856825788460923e-13,0.0,0.0,0.0,0.0,0.0,0.0,0.0,0.0
81.000000,204.974412,2.0904715629131438e-12,0.0,1.4170310594243457e-12,0.0,0.0,0.0,0.0,0.0,0.0,0.0,0.0
82.000000,203.973029,1.8344857128787257e-12,0.0,0.0,0.0,0.0,0.0,0.0,0.0,0.0,0.0,0.0
82.000000,205.974449,1.1250266230057375e-11,0.0,5.821457943019065e-12,0.0,0.0,0.0,0.0,0.0,0.0,0.0,0.0
82.000000,206.975881,1.1013764304663379e-11,0.0,7.877769665599707e-12,0.0,0.0,0.0,0.0,0.0,0.0,0.0,0.0
82.000000,207.976636,2.2873006391653623e-11,0.0,3.1200294770648086e-11,0.0,0.0,0.0,0.0,0.0,0.0,0.0,0.0
83.000000,208.980383,2.278636664880493e-13,0.0,3.700820238478318e-12,0.0,0.0,0.0,0.0,0.0,0.0,0.0,0.0
90.000000,232.03805,0.0,0.0,1.1696821435346014e-12,0.0,0.0,0.0,0.0,0.0,0.0,0.0,0.0
92.000000,234.040946,0.0,0.0,2.760524407897027e-17,0.0,0.0,0.0,0.0,0.0,0.0,0.0,0.0
92.000000,235.043923,0.0,0.0,1.6122868918303367e-13,0.0,0.0,0.0,0.0,0.0,0.0,0.0,0.0
92.000000,238.050783,0.0,0.0,5.021924582589548e-13,0.0,0.0,0.0,0.0,0.0,0.0,0.0,0.0
